Time [ms],Speed_target [m/s],Speed [m/s],Theta_Target [deg],Theta [deg],Position [m]
0.000,0.000,-0.010,0.007,0.205,-166.7
6.000,0.000,-0.007,0.006,0.247,-166.7
11.000,0.000,-0.002,0.004,0.314,-166.8
16.000,0.000,0.001,0.001,0.367,-166.8
21.000,0.000,0.002,-0.001,0.372,-166.8
26.000,0.000,0.002,-0.001,0.355,-166.8
31.000,0.000,0.002,-0.001,0.358,-166.8
36.000,0.000,0.004,-0.001,0.374,-166.8
41.000,0.000,0.005,-0.002,0.384,-166.7
46.000,0.000,0.006,-0.003,0.394,-166.7
51.000,0.000,0.008,-0.004,0.420,-166.7
56.000,0.000,0.009,-0.005,0.429,-166.7
61.000,0.000,0.010,-0.005,0.447,-166.7
66.000,0.000,0.011,-0.006,0.454,-166.7
71.000,0.000,0.010,-0.007,0.419,-166.6
76.000,0.000,0.009,-0.006,0.405,-166.6
81.000,0.000,0.013,-0.006,0.455,-166.6
86.000,0.000,0.015,-0.008,0.488,-166.6
91.000,0.000,0.017,-0.009,0.505,-166.6
96.000,0.000,0.018,-0.010,0.513,-166.5
101.000,0.000,0.018,-0.011,0.505,-166.5
106.000,0.000,0.019,-0.011,0.510,-166.4
111.000,0.000,0.018,-0.012,0.478,-166.4
116.000,0.000,0.017,-0.011,0.468,-166.4
121.000,0.000,0.016,-0.011,0.441,-166.3
125.000,0.000,0.016,-0.010,0.437,-166.3
131.000,0.000,0.019,-0.010,0.472,-166.3
136.000,0.000,0.021,-0.012,0.504,-166.2
141.000,0.000,0.023,-0.013,0.521,-166.2
146.000,0.000,0.022,-0.014,0.490,-166.1
151.000,0.000,0.021,-0.014,0.472,-166.1
156.000,0.000,0.019,-0.013,0.427,-166.1
161.000,0.000,0.017,-0.012,0.384,-166.0
166.000,0.000,0.018,-0.010,0.396,-166.0
171.000,0.000,0.019,-0.011,0.417,-166.0
176.000,0.000,0.020,-0.012,0.412,-165.9
181.000,0.000,0.018,-0.012,0.384,-165.9
186.000,0.000,0.019,-0.011,0.393,-165.8
191.000,0.000,0.017,-0.012,0.350,-165.8
196.000,0.000,0.016,-0.011,0.331,-165.8
201.000,0.000,0.015,-0.010,0.315,-165.7
206.000,0.000,0.015,-0.010,0.307,-165.7
211.000,0.000,0.016,-0.009,0.306,-165.7
216.000,0.000,0.016,-0.010,0.313,-165.6
221.000,0.000,0.016,-0.010,0.296,-165.6
226.000,0.000,0.016,-0.010,0.304,-165.6
231.000,0.000,0.017,-0.010,0.306,-165.5
236.000,0.000,0.015,-0.010,0.273,-165.5
241.000,0.000,0.013,-0.009,0.235,-165.5
246.000,0.000,0.014,-0.008,0.251,-165.5
251.000,0.000,0.012,-0.009,0.203,-165.4
256.000,0.000,0.011,-0.007,0.199,-165.4
261.000,0.000,0.013,-0.007,0.228,-165.4
266.000,0.000,0.014,-0.008,0.238,-165.4
271.000,0.000,0.013,-0.009,0.208,-165.3
276.000,0.000,0.012,-0.008,0.185,-165.3
281.000,0.000,0.008,-0.007,0.126,-165.3
286.000,0.000,0.006,-0.005,0.093,-165.3
291.000,0.000,0.002,-0.004,0.029,-165.3
296.000,0.000,0.002,-0.001,0.031,-165.2
301.000,0.000,0.004,-0.001,0.055,-165.2
306.000,0.000,0.005,-0.002,0.072,-165.2
311.000,0.000,0.003,-0.003,0.037,-165.2
316.000,0.000,-0.000,-0.002,-0.011,-165.2
321.000,0.000,-0.004,0.000,-0.066,-165.2
326.000,0.000,-0.006,0.002,-0.100,-165.2
331.000,0.000,-0.006,0.004,-0.097,-165.2
336.000,0.000,-0.006,0.004,-0.088,-165.3
341.000,0.000,-0.007,0.004,-0.110,-165.3
346.000,0.000,-0.004,0.004,-0.051,-165.3
351.000,0.000,-0.005,0.002,-0.077,-165.3
356.000,0.000,-0.006,0.003,-0.094,-165.3
361.000,0.000,-0.008,0.004,-0.122,-165.3
366.000,0.000,-0.011,0.005,-0.158,-165.3
371.000,0.000,-0.010,0.007,-0.152,-165.3
376.000,0.000,-0.011,0.006,-0.164,-165.4
381.000,0.000,-0.010,0.007,-0.145,-165.4
386.000,0.000,-0.009,0.006,-0.113,-165.4
391.000,0.000,-0.010,0.005,-0.143,-165.4
396.000,0.000,-0.011,0.006,-0.152,-165.4
401.000,0.000,-0.014,0.007,-0.189,-165.5
406.000,0.000,-0.017,0.009,-0.241,-165.5
411.000,0.000,-0.017,0.011,-0.230,-165.5
416.000,0.000,-0.019,0.010,-0.255,-165.6
421.000,0.000,-0.019,0.012,-0.248,-165.6
426.000,0.000,-0.018,0.012,-0.232,-165.6
431.000,0.000,-0.020,0.011,-0.266,-165.7
436.000,0.000,-0.022,0.012,-0.291,-165.7
441.000,0.000,-0.023,0.014,-0.303,-165.8
446.000,0.000,-0.023,0.014,-0.294,-165.8
451.000,0.000,-0.024,0.014,-0.311,-165.9
456.000,0.000,-0.023,0.015,-0.278,-165.9
461.000,0.000,-0.021,0.014,-0.244,-165.9
466.000,0.000,-0.021,0.013,-0.243,-166.0
471.000,0.000,-0.043,0.013,-0.600,-166.0
476.000,0.000,-0.071,0.027,-2.017,-166.1
481.000,0.000,-0.073,0.044,-2.003,-166.3
486.000,0.000,-0.081,0.045,-2.108,-166.4
491.000,0.000,-0.109,0.051,-2.691,-166.6
496.000,0.000,-0.123,0.068,-2.851,-166.8
501.000,0.000,-0.144,0.076,-3.136,-167.0
506.000,0.000,-0.156,0.089,-3.277,-167.3
511.000,0.000,-0.162,0.097,-3.309,-167.6
516.000,0.000,-0.169,0.101,-3.364,-168.0
521.000,0.000,-0.167,0.105,-3.267,-168.3
526.000,0.000,-0.161,0.104,-3.108,-168.6
531.000,0.000,-0.153,0.100,-2.939,-168.9
536.000,0.000,-0.145,0.095,-2.761,-169.3
541.000,0.000,-0.134,0.090,-2.531,-169.5
546.000,0.000,-0.126,0.083,-2.377,-169.8
551.000,0.000,-0.123,0.078,-2.293,-170.1
556.000,0.000,-0.120,0.076,-2.202,-170.3
561.000,0.000,-0.116,0.074,-2.108,-170.6
566.000,0.000,-0.116,0.072,-2.069,-170.8
571.000,0.000,-0.105,0.072,-1.860,-171.0
576.000,0.000,-0.088,0.065,-1.559,-171.2
581.000,0.000,-0.061,0.055,-1.066,-171.4
586.000,0.000,-0.033,0.038,-0.518,-171.5
591.000,0.000,-0.006,0.021,0.139,-171.6
596.000,0.000,0.022,0.004,0.832,-171.6
601.000,0.000,0.049,-0.013,1.590,-171.6
606.000,0.000,0.077,-0.030,2.276,-171.5
611.000,0.000,0.104,-0.047,2.930,-171.3
616.000,0.000,0.132,-0.065,3.596,-171.1
621.000,0.000,0.159,-0.082,4.219,-170.8
625.000,0.000,0.187,-0.099,4.756,-170.5
631.000,0.000,0.213,-0.116,5.290,-170.1
636.000,0.000,0.242,-0.132,5.770,-169.7
641.000,0.000,0.269,-0.150,6.234,-169.2
646.000,0.000,0.297,-0.167,6.660,-168.7
651.000,0.000,0.324,-0.184,6.981,-168.1
656.000,0.000,0.352,-0.201,7.300,-167.5
661.000,0.000,0.379,-0.218,7.637,-166.8
666.000,0.000,0.398,-0.235,7.804,-166.0
671.000,0.000,0.412,-0.247,7.878,-165.2
676.000,0.000,0.436,-0.255,8.134,-164.4
681.000,0.000,0.463,-0.270,8.414,-163.5
686.000,0.000,0.467,-0.287,8.315,-162.6
691.000,0.000,0.464,-0.289,8.136,-161.6
696.000,0.000,0.470,-0.288,8.097,-160.7
701.000,0.000,0.480,-0.292,8.117,-159.8
706.000,0.000,0.487,-0.298,8.076,-158.8
711.000,0.000,0.488,-0.302,7.949,-157.8
716.000,0.000,0.489,-0.302,7.830,-156.9
721.000,0.000,0.484,-0.303,7.622,-155.9
726.000,0.000,0.476,-0.300,7.355,-154.9
731.000,0.000,0.471,-0.295,7.157,-154.0
736.000,0.000,0.465,-0.292,6.948,-153.0
741.000,0.000,0.459,-0.289,6.725,-152.1
746.000,0.000,0.450,-0.284,6.472,-151.2
751.000,0.000,0.447,-0.279,6.312,-150.3
756.000,0.000,0.444,-0.277,6.162,-149.4
761.000,0.000,0.436,-0.275,5.920,-148.5
766.000,0.000,0.425,-0.270,5.648,-147.6
771.000,0.000,0.415,-0.263,5.398,-146.8
776.000,0.000,0.409,-0.257,5.221,-145.9
781.000,0.000,0.402,-0.254,5.009,-145.1
786.000,0.000,0.394,-0.249,4.794,-144.3
791.000,0.000,0.386,-0.244,4.589,-143.5
796.000,0.000,0.384,-0.239,4.486,-142.8
801.000,0.000,0.374,-0.238,4.249,-142.0
806.000,0.000,0.349,-0.232,3.773,-141.3
811.000,0.000,0.330,-0.216,3.406,-140.6
816.000,0.000,0.327,-0.204,3.311,-139.9
821.000,0.000,0.331,-0.203,3.319,-139.2
826.000,0.000,0.332,-0.205,3.280,-138.6
831.000,0.000,0.322,-0.206,3.065,-137.9
836.000,0.000,0.317,-0.200,2.933,-137.3
841.000,0.000,0.323,-0.197,2.985,-136.6
846.000,0.000,0.321,-0.200,2.893,-136.0
851.000,0.000,0.309,-0.199,2.639,-135.3
856.000,0.000,0.289,-0.191,2.283,-134.7
861.000,0.000,0.276,-0.179,2.050,-134.2
866.000,0.000,0.278,-0.171,2.044,-133.6
871.000,0.000,0.285,-0.172,2.116,-133.0
876.000,0.000,0.290,-0.176,2.171,-132.5
881.000,0.000,0.286,-0.180,2.056,-131.9
886.000,0.000,0.281,-0.177,1.940,-131.3
891.000,0.000,0.278,-0.174,1.858,-130.8
896.000,0.000,0.268,-0.172,1.673,-130.2
901.000,0.000,0.257,-0.166,1.468,-129.7
906.000,0.000,0.255,-0.160,1.417,-129.2
911.000,0.000,0.254,-0.158,1.368,-128.6
916.000,0.000,0.259,-0.157,1.432,-128.1
921.000,0.000,0.271,-0.161,1.595,-127.6
926.000,0.000,0.274,-0.168,1.604,-127.1
931.000,0.000,0.272,-0.170,1.537,-126.5
936.000,0.000,0.267,-0.169,1.435,-126.0
941.000,0.000,0.258,-0.166,1.265,-125.4
946.000,0.000,0.251,-0.160,1.133,-124.9
951.000,0.000,0.257,-0.156,1.205,-124.4
956.000,0.000,0.259,-0.159,1.217,-123.9
961.000,0.000,0.271,-0.161,1.390,-123.4
966.000,0.000,0.286,-0.168,1.593,-122.9
971.000,0.000,0.292,-0.177,1.658,-122.3
976.000,0.000,0.287,-0.181,1.545,-121.7
981.000,0.000,0.282,-0.178,1.445,-121.1
986.000,0.000,0.274,-0.175,1.288,-120.6
991.000,0.000,0.264,-0.170,1.106,-120.0
996.000,0.000,0.271,-0.164,1.206,-119.5
1001.000,0.000,0.279,-0.168,1.302,-118.9
1006.000,0.000,0.282,-0.173,1.324,-118.4
1011.000,0.000,0.297,-0.175,1.538,-117.8
1016.000,0.000,0.308,-0.184,1.691,-117.2
1021.000,0.000,0.308,-0.191,1.642,-116.6
1026.000,-0.001,0.300,-0.191,1.478,-116.0
1031.000,-0.001,0.297,-0.187,1.419,-115.4
1036.000,-0.002,0.290,-0.186,1.271,-114.8
1041.000,-0.003,0.280,-0.181,1.094,-114.2
1046.000,-0.003,0.285,-0.176,1.150,-113.7
1051.000,-0.004,0.302,-0.179,1.403,-113.1
1056.000,-0.005,0.315,-0.190,1.576,-112.5
1061.000,-0.005,0.322,-0.198,1.663,-111.9
1066.000,-0.006,0.324,-0.203,1.649,-111.2
1071.000,-0.007,0.324,-0.205,1.627,-110.6
1076.000,-0.007,0.310,-0.206,1.364,-109.9
1081.000,-0.008,0.289,-0.197,1.000,-109.3
1086.000,-0.009,0.288,-0.184,0.977,-108.7
1091.000,-0.009,0.299,-0.184,1.143,-108.1
1096.000,-0.010,0.300,-0.192,1.139,-107.5
1101.000,-0.011,0.318,-0.193,1.408,-106.9
1106.000,-0.011,0.329,-0.204,1.544,-106.3
1111.000,-0.012,0.332,-0.212,1.562,-105.7
1116.000,-0.013,0.328,-0.214,1.454,-105.0
1121.000,-0.013,0.312,-0.211,1.174,-104.3
1125.000,-0.014,0.297,-0.202,0.909,-103.7
1131.000,-0.015,0.293,-0.193,0.846,-103.1
1136.000,-0.015,0.294,-0.191,0.838,-102.5
1141.000,-0.016,0.284,-0.192,0.660,-101.9
1146.000,-0.017,0.301,-0.186,0.936,-101.4
1151.000,-0.017,0.315,-0.198,1.124,-100.8
1156.000,-0.018,0.320,-0.206,1.182,-100.1
1161.000,-0.019,0.313,-0.210,1.043,-99.5
1166.000,-0.019,0.301,-0.206,0.832,-98.9
1171.000,-0.020,0.295,-0.199,0.721,-98.3
1176.000,-0.021,0.284,-0.196,0.532,-97.7
1181.000,-0.021,0.271,-0.189,0.313,-97.1
1186.000,-0.022,0.270,-0.182,0.288,-96.6
1191.000,-0.023,0.290,-0.181,0.615,-96.0
1196.000,-0.023,0.300,-0.194,0.740,-95.5
1201.000,-0.024,0.304,-0.201,0.796,-94.9
1206.000,-0.025,0.297,-0.204,0.659,-94.2
1211.000,-0.025,0.294,-0.200,0.605,-93.6
1216.000,-0.026,0.281,-0.199,0.371,-93.1
1221.000,-0.027,0.268,-0.191,0.165,-92.5
1226.000,-0.027,0.271,-0.183,0.221,-92.0
1231.000,-0.028,0.270,-0.186,0.181,-91.4
1236.000,-0.029,0.276,-0.185,0.282,-90.9
1241.000,-0.029,0.286,-0.189,0.424,-90.3
1246.000,-0.030,0.283,-0.196,0.374,-89.8
1251.000,-0.031,0.273,-0.195,0.203,-89.2
1256.000,-0.031,0.262,-0.189,0.010,-88.6
1261.000,-0.032,0.253,-0.182,-0.119,-88.1
1266.000,-0.033,0.238,-0.177,-0.371,-87.6
1271.000,-0.033,0.235,-0.168,-0.408,-87.1
1276.000,-0.034,0.245,-0.167,-0.235,-86.7
1281.000,-0.035,0.254,-0.173,-0.097,-86.2
1286.000,-0.035,0.267,-0.179,0.105,-85.7
1291.000,-0.036,0.270,-0.188,0.139,-85.1
1296.000,-0.037,0.264,-0.190,0.046,-84.6
1301.000,-0.037,0.252,-0.187,-0.156,-84.1
1306.000,-0.038,0.238,-0.180,-0.378,-83.6
1311.000,-0.039,0.225,-0.171,-0.571,-83.1
1316.000,-0.039,0.230,-0.164,-0.479,-82.6
1321.000,-0.040,0.235,-0.167,-0.399,-82.2
1326.000,-0.041,0.249,-0.171,-0.173,-81.7
1331.000,-0.041,0.258,-0.180,-0.040,-81.2
1336.000,-0.042,0.261,-0.186,0.005,-80.7
1341.000,-0.043,0.258,-0.188,-0.040,-80.2
1346.000,-0.043,0.253,-0.187,-0.123,-79.7
1351.000,-0.044,0.239,-0.184,-0.355,-79.1
1356.000,-0.045,0.232,-0.176,-0.451,-78.7
1361.000,-0.045,0.229,-0.172,-0.498,-78.2
1366.000,-0.046,0.226,-0.171,-0.544,-77.7
1371.000,-0.047,0.230,-0.169,-0.463,-77.3
1376.000,-0.047,0.236,-0.172,-0.362,-76.8
1381.000,-0.048,0.235,-0.176,-0.386,-76.4
1386.000,-0.049,0.231,-0.176,-0.441,-75.9
1391.000,-0.049,0.222,-0.174,-0.581,-75.4
1396.000,-0.050,0.218,-0.169,-0.646,-75.0
1401.000,-0.051,0.211,-0.166,-0.751,-74.6
1406.000,-0.051,0.213,-0.162,-0.694,-74.1
1411.000,-0.052,0.219,-0.164,-0.601,-73.7
1416.000,-0.053,0.224,-0.168,-0.506,-73.3
1421.000,-0.053,0.225,-0.172,-0.486,-72.8
1426.000,-0.054,0.221,-0.173,-0.550,-72.4
1431.000,-0.055,0.216,-0.171,-0.623,-71.9
1436.000,-0.055,0.204,-0.168,-0.816,-71.5
1441.000,-0.056,0.197,-0.161,-0.899,-71.1
1446.000,-0.057,0.199,-0.158,-0.856,-70.7
1451.000,-0.057,0.207,-0.159,-0.723,-70.3
1456.000,-0.058,0.210,-0.164,-0.657,-69.9
1461.000,-0.059,0.216,-0.167,-0.558,-69.5
1466.000,-0.059,0.216,-0.171,-0.566,-69.0
1471.000,-0.060,0.209,-0.171,-0.664,-68.6
1476.000,-0.061,0.201,-0.167,-0.781,-68.2
1481.000,-0.061,0.193,-0.163,-0.892,-67.8
1486.000,-0.062,0.192,-0.158,-0.904,-67.4
1491.000,-0.063,0.194,-0.158,-0.857,-67.0
1496.000,-0.063,0.201,-0.159,-0.730,-66.6
1501.000,-0.064,0.207,-0.164,-0.633,-66.2
1506.000,-0.065,0.206,-0.168,-0.643,-65.8
1511.000,-0.065,0.203,-0.168,-0.684,-65.4
1516.000,-0.066,0.197,-0.167,-0.765,-65.0
1521.000,-0.067,0.194,-0.164,-0.813,-64.6
1526.000,-0.067,0.190,-0.162,-0.864,-64.2
1531.000,-0.068,0.192,-0.160,-0.810,-63.8
1536.000,-0.069,0.193,-0.162,-0.787,-63.4
1541.000,-0.069,0.200,-0.163,-0.660,-63.1
1546.000,-0.070,0.202,-0.168,-0.634,-62.7
1551.000,-0.071,0.198,-0.169,-0.680,-62.2
1556.000,-0.071,0.195,-0.167,-0.725,-61.9
1561.000,-0.072,0.186,-0.166,-0.861,-61.5
1566.000,-0.073,0.182,-0.160,-0.902,-61.1
1571.000,-0.073,0.182,-0.159,-0.899,-60.7
1576.000,-0.074,0.185,-0.159,-0.836,-60.4
1581.000,-0.075,0.191,-0.161,-0.732,-60.0
1586.000,-0.075,0.192,-0.165,-0.714,-59.6
1591.000,-0.076,0.191,-0.166,-0.717,-59.2
1596.000,-0.077,0.187,-0.166,-0.772,-58.8
1601.000,-0.077,0.179,-0.164,-0.885,-58.5
1606.000,-0.078,0.174,-0.159,-0.954,-58.1
1611.000,-0.079,0.173,-0.157,-0.951,-57.8
1616.000,-0.079,0.178,-0.157,-0.855,-57.4
1621.000,-0.080,0.183,-0.160,-0.771,-57.1
1625.000,-0.081,0.186,-0.163,-0.721,-56.7
1631.000,-0.081,0.187,-0.165,-0.690,-56.3
1636.000,-0.082,0.183,-0.167,-0.742,-55.9
1641.000,-0.083,0.176,-0.165,-0.858,-55.6
1646.000,-0.083,0.170,-0.161,-0.937,-55.2
1651.000,-0.084,0.164,-0.157,-1.018,-54.9
1656.000,-0.085,0.164,-0.154,-0.999,-54.6
1661.000,-0.085,0.164,-0.155,-0.983,-54.2
1666.000,-0.086,0.167,-0.155,-0.914,-53.9
1671.000,-0.087,0.171,-0.158,-0.852,-53.6
1676.000,-0.087,0.170,-0.160,-0.852,-53.2
1681.000,-0.088,0.166,-0.160,-0.916,-52.9
1686.000,-0.089,0.161,-0.158,-0.980,-52.6
1691.000,-0.089,0.158,-0.155,-1.014,-52.2
1696.000,-0.090,0.155,-0.154,-1.037,-51.9
1701.000,-0.091,0.157,-0.152,-0.994,-51.6
1706.000,-0.091,0.160,-0.154,-0.931,-51.3
1711.000,-0.092,0.163,-0.156,-0.879,-51.0
1716.000,-0.093,0.162,-0.158,-0.883,-50.7
1721.000,-0.093,0.155,-0.158,-0.972,-50.3
1726.000,-0.094,0.151,-0.155,-1.035,-50.0
1731.000,-0.095,0.144,-0.152,-1.119,-49.7
1736.000,-0.095,0.143,-0.149,-1.128,-49.4
1741.000,-0.096,0.142,-0.148,-1.123,-49.1
1746.000,-0.097,0.143,-0.148,-1.086,-48.9
1751.000,-0.097,0.144,-0.149,-1.066,-48.6
1756.000,-0.098,0.141,-0.150,-1.095,-48.3
1761.000,-0.099,0.138,-0.149,-1.119,-48.0
1766.000,-0.099,0.136,-0.147,-1.147,-47.7
1771.000,-0.100,0.129,-0.146,-1.233,-47.5
1776.000,-0.101,0.124,-0.143,-1.290,-47.2
1781.000,-0.101,0.123,-0.140,-1.285,-47.0
1786.000,-0.102,0.127,-0.140,-1.208,-46.7
1791.000,-0.103,0.126,-0.142,-1.211,-46.5
1796.000,-0.103,0.127,-0.142,-1.180,-46.2
1801.000,-0.104,0.126,-0.143,-1.167,-45.9
1806.000,-0.105,0.123,-0.143,-1.214,-45.7
1811.000,-0.105,0.117,-0.141,-1.285,-45.4
1816.000,-0.106,0.112,-0.138,-1.341,-45.2
1821.000,-0.107,0.113,-0.136,-1.311,-45.0
1826.000,-0.107,0.111,-0.136,-1.319,-44.8
1831.000,-0.108,0.111,-0.136,-1.298,-44.5
1836.000,-0.109,0.113,-0.136,-1.240,-44.3
1841.000,-0.109,0.112,-0.138,-1.241,-44.1
1846.000,-0.110,0.108,-0.138,-1.288,-43.9
1851.000,-0.111,0.104,-0.136,-1.334,-43.7
1856.000,-0.111,0.101,-0.134,-1.360,-43.4
1861.000,-0.112,0.101,-0.132,-1.351,-43.2
1866.000,-0.113,0.103,-0.132,-1.296,-43.0
1871.000,-0.113,0.102,-0.134,-1.290,-42.8
1876.000,-0.114,0.100,-0.134,-1.300,-42.6
1881.000,-0.115,0.101,-0.133,-1.271,-42.4
1886.000,-0.115,0.098,-0.134,-1.295,-42.2
1891.000,-0.116,0.095,-0.133,-1.322,-42.0
1896.000,-0.117,0.094,-0.131,-1.328,-41.8
1901.000,-0.117,0.092,-0.131,-1.342,-41.7
1906.000,-0.118,0.093,-0.130,-1.299,-41.5
1911.000,-0.119,0.092,-0.131,-1.290,-41.3
1916.000,-0.119,0.091,-0.131,-1.288,-41.1
1921.000,-0.120,0.090,-0.131,-1.283,-40.9
1926.000,-0.121,0.090,-0.131,-1.273,-40.7
1931.000,-0.121,0.089,-0.131,-1.262,-40.6
1936.000,-0.122,0.089,-0.131,-1.249,-40.4
1941.000,-0.123,0.091,-0.131,-1.201,-40.2
1946.000,-0.123,0.091,-0.133,-1.183,-40.0
1951.000,-0.124,0.091,-0.133,-1.171,-39.8
1956.000,-0.125,0.091,-0.134,-1.151,-39.7
1961.000,-0.125,0.091,-0.134,-1.128,-39.5
1966.000,-0.126,0.089,-0.135,-1.151,-39.3
1971.000,-0.127,0.087,-0.134,-1.162,-39.1
1976.000,-0.127,0.085,-0.133,-1.182,-38.9
1981.000,-0.128,0.085,-0.132,-1.163,-38.8
1986.000,-0.129,0.088,-0.132,-1.088,-38.6
1991.000,-0.129,0.088,-0.135,-1.076,-38.4
1996.000,-0.130,0.087,-0.135,-1.085,-38.2
2001.000,-0.131,0.087,-0.135,-1.074,-38.1
2006.000,-0.131,0.087,-0.135,-1.056,-37.9
2011.000,-0.132,0.085,-0.136,-1.064,-37.7
2016.000,-0.133,0.084,-0.135,-1.074,-37.6
2021.000,-0.133,0.080,-0.135,-1.117,-37.4
2026.000,-0.134,0.078,-0.133,-1.133,-37.2
2031.000,-0.135,0.077,-0.132,-1.138,-37.1
2036.000,-0.135,0.076,-0.131,-1.125,-36.9
2041.000,-0.136,0.077,-0.132,-1.106,-36.8
2046.000,-0.137,0.073,-0.132,-1.143,-36.6
2051.000,-0.137,0.072,-0.131,-1.141,-36.5
2056.000,-0.138,0.068,-0.130,-1.189,-36.3
2061.000,-0.139,0.065,-0.128,-1.228,-36.2
2066.000,-0.139,0.063,-0.127,-1.241,-36.1
2071.000,-0.140,0.061,-0.126,-1.244,-35.9
2076.000,-0.141,0.059,-0.125,-1.260,-35.8
2081.000,-0.141,0.057,-0.124,-1.273,-35.7
2086.000,-0.142,0.053,-0.124,-1.321,-35.6
2091.000,-0.143,0.049,-0.121,-1.362,-35.5
2096.000,-0.143,0.049,-0.119,-1.343,-35.4
2101.000,-0.144,0.048,-0.120,-1.337,-35.3
2106.000,-0.145,0.050,-0.120,-1.296,-35.2
2111.000,-0.145,0.048,-0.121,-1.304,-35.1
2116.000,-0.146,0.047,-0.120,-1.295,-35.0
2121.000,-0.147,0.043,-0.120,-1.342,-34.9
2125.000,-0.147,0.038,-0.118,-1.409,-34.8
2131.000,-0.148,0.034,-0.115,-1.451,-34.7
2136.000,-0.149,0.030,-0.113,-1.488,-34.7
2141.000,-0.149,0.028,-0.111,-1.486,-34.6
2146.000,-0.150,0.027,-0.111,-1.479,-34.5
2151.000,-0.151,0.028,-0.110,-1.448,-34.5
2156.000,-0.151,0.026,-0.111,-1.460,-34.4
2161.000,-0.152,0.023,-0.110,-1.479,-34.4
2166.000,-0.153,0.018,-0.109,-1.535,-34.3
2171.000,-0.153,0.016,-0.106,-1.544,-34.3
2176.000,-0.154,0.017,-0.106,-1.512,-34.3
2181.000,-0.155,0.016,-0.106,-1.505,-34.2
2186.000,-0.155,0.013,-0.106,-1.528,-34.2
2191.000,-0.156,0.011,-0.105,-1.535,-34.2
2196.000,-0.157,0.008,-0.104,-1.553,-34.1
2201.000,-0.157,0.008,-0.103,-1.531,-34.1
2206.000,-0.158,0.006,-0.103,-1.542,-34.1
2211.000,-0.159,0.004,-0.102,-1.554,-34.1
2216.000,-0.159,0.004,-0.101,-1.531,-34.1
2221.000,-0.160,0.003,-0.101,-1.523,-34.1
2226.000,-0.161,0.003,-0.101,-1.499,-34.1
2231.000,-0.161,0.003,-0.102,-1.472,-34.1
2236.000,-0.162,0.003,-0.102,-1.457,-34.1
2241.000,-0.163,0.001,-0.102,-1.469,-34.1
2246.000,-0.163,-0.000,-0.102,-1.462,-34.1
2251.000,-0.164,-0.004,-0.101,-1.503,-34.1
2256.000,-0.165,-0.006,-0.099,-1.506,-34.1
2261.000,-0.165,-0.005,-0.099,-1.463,-34.1
2266.000,-0.166,-0.005,-0.100,-1.450,-34.1
2271.000,-0.167,-0.004,-0.100,-1.409,-34.1
2276.000,-0.167,-0.003,-0.101,-1.372,-34.1
2281.000,-0.168,-0.003,-0.102,-1.352,-34.1
2286.000,-0.169,-0.004,-0.103,-1.351,-34.1
2291.000,-0.169,-0.007,-0.102,-1.377,-34.1
2296.000,-0.170,-0.009,-0.101,-1.390,-34.2
2301.000,-0.171,-0.011,-0.100,-1.397,-34.2
2306.000,-0.171,-0.013,-0.099,-1.406,-34.2
2311.000,-0.172,-0.013,-0.098,-1.377,-34.2
2316.000,-0.173,-0.015,-0.099,-1.391,-34.2
2321.000,-0.173,-0.014,-0.098,-1.357,-34.3
2326.000,-0.174,-0.016,-0.099,-1.373,-34.3
2331.000,-0.175,-0.017,-0.098,-1.354,-34.3
2336.000,-0.175,-0.020,-0.098,-1.387,-34.4
2341.000,-0.176,-0.022,-0.097,-1.393,-34.4
2346.000,-0.177,-0.023,-0.096,-1.392,-34.5
2351.000,-0.177,-0.024,-0.096,-1.389,-34.5
2356.000,-0.178,-0.022,-0.095,-1.338,-34.5
2361.000,-0.179,-0.020,-0.097,-1.288,-34.6
2366.000,-0.179,-0.019,-0.099,-1.250,-34.6
2371.000,-0.180,-0.019,-0.100,-1.236,-34.7
2376.000,-0.181,-0.020,-0.100,-1.235,-34.7
2381.000,-0.181,-0.025,-0.100,-1.285,-34.7
2386.000,-0.182,-0.027,-0.098,-1.307,-34.8
2391.000,-0.183,-0.030,-0.096,-1.326,-34.9
2396.000,-0.183,-0.031,-0.095,-1.325,-34.9
2401.000,-0.184,-0.029,-0.095,-1.277,-35.0
2406.000,-0.185,-0.030,-0.096,-1.264,-35.0
2411.000,-0.185,-0.029,-0.096,-1.233,-35.1
2416.000,-0.186,-0.031,-0.097,-1.253,-35.1
2421.000,-0.187,-0.034,-0.096,-1.283,-35.2
2426.000,-0.187,-0.036,-0.095,-1.292,-35.3
2431.000,-0.188,-0.037,-0.094,-1.285,-35.4
2436.000,-0.189,-0.037,-0.094,-1.272,-35.4
2441.000,-0.189,-0.038,-0.094,-1.268,-35.5
2446.000,-0.190,-0.037,-0.094,-1.231,-35.6
2451.000,-0.191,-0.037,-0.095,-1.208,-35.7
2456.000,-0.191,-0.038,-0.096,-1.215,-35.7
2461.000,-0.192,-0.039,-0.095,-1.201,-35.8
2466.000,-0.193,-0.040,-0.095,-1.202,-35.9
2471.000,-0.193,-0.041,-0.095,-1.201,-36.0
2476.000,-0.194,-0.038,-0.095,-1.142,-36.0
2481.000,-0.195,-0.034,-0.097,-1.061,-36.1
2486.000,-0.195,-0.031,-0.100,-0.995,-36.2
2491.000,-0.196,-0.030,-0.102,-0.970,-36.3
2496.000,-0.197,-0.030,-0.103,-0.957,-36.3
2501.000,-0.197,-0.033,-0.103,-0.978,-36.4
2506.000,-0.198,-0.034,-0.103,-0.979,-36.4
2511.000,-0.199,-0.035,-0.102,-0.989,-36.5
2516.000,-0.199,-0.037,-0.102,-0.998,-36.6
2521.000,-0.200,-0.038,-0.101,-1.011,-36.6
2526.000,-0.200,-0.038,-0.100,-0.994,-36.7
2531.000,-0.200,-0.038,-0.100,-0.971,-36.8
2536.000,-0.200,-0.037,-0.101,-0.943,-36.9
2541.000,-0.200,-0.037,-0.101,-0.924,-37.0
2546.000,-0.200,-0.038,-0.101,-0.932,-37.0
2551.000,-0.200,-0.040,-0.101,-0.951,-37.1
2556.000,-0.200,-0.040,-0.099,-0.941,-37.2
2561.000,-0.200,-0.039,-0.099,-0.905,-37.3
2566.000,-0.200,-0.037,-0.100,-0.856,-37.3
2571.000,-0.200,-0.036,-0.101,-0.841,-37.4
2576.000,-0.200,-0.037,-0.101,-0.843,-37.5
2581.000,-0.200,-0.036,-0.101,-0.817,-37.6
2586.000,-0.200,-0.038,-0.101,-0.829,-37.6
2591.000,-0.200,-0.036,-0.101,-0.786,-37.7
2596.000,-0.200,-0.036,-0.102,-0.775,-37.8
2601.000,-0.200,-0.037,-0.102,-0.780,-37.9
2606.000,-0.200,-0.035,-0.101,-0.730,-37.9
2611.000,-0.200,-0.033,-0.103,-0.701,-38.0
2616.000,-0.200,-0.033,-0.103,-0.688,-38.1
2621.000,-0.200,-0.033,-0.103,-0.674,-38.1
2626.000,-0.200,-0.033,-0.104,-0.660,-38.2
2631.000,-0.200,-0.033,-0.104,-0.659,-38.3
2636.000,-0.200,-0.034,-0.104,-0.672,-38.3
2641.000,-0.200,-0.033,-0.103,-0.636,-38.4
2646.000,-0.200,-0.033,-0.104,-0.624,-38.5
2651.000,-0.200,-0.032,-0.104,-0.612,-38.5
2656.000,-0.200,-0.031,-0.104,-0.584,-38.6
2661.000,-0.200,-0.030,-0.105,-0.562,-38.6
2667.000,-0.200,-0.031,-0.105,-0.575,-38.7
