Time [ms],Speed_target [m/s],Speed [m/s],Theta_Target [deg],Theta [deg],Position [m],Kpt,Tit,Tdt,Kpv,Tiv,Tdv
0,0,0.048,0.262,1.825,-111,2.74,0,0.55,6,2,0
5,0,0.048,0.261,1.772,-110.9,,,,,,
10,0,0.049,0.261,1.741,-110.8,,,,,,
15,0,0.049,0.259,1.723,-110.7,,,,,,
20,0,0.049,0.255,1.686,-110.6,,,,,,
25,0,0.049,0.254,1.65,-110.5,,,,,,
30,0,0.05,0.253,1.63,-110.4,,,,,,
35,0,0.051,0.25,1.626,-110.3,,,,,,
40,0,0.051,0.244,1.585,-110.2,,,,,,
45,0,0.052,0.243,1.588,-110.1,,,,,,
50,0,0.052,0.236,1.538,-110,,,,,,
55,0,0.051,0.238,1.476,-109.9,,,,,,
60,0,0.05,0.243,1.431,-109.8,,,,,,
65,0,0.05,0.246,1.399,-109.7,,,,,,
70,0,0.05,0.247,1.365,-109.6,,,,,,
75,0,0.05,0.248,1.359,-109.5,,,,,,
81,0,0.049,0.243,1.304,-109.4,,,,,,
86,0,0.05,0.247,1.281,-109.3,,,,,,
91,0,0.049,0.246,1.239,-109.2,,,,,,
96,0,0.05,0.248,1.233,-109.1,,,,,,
101,0,0.048,0.245,1.149,-109,,,,,,
106,0,0.046,0.255,1.085,-108.9,,,,,,
111,0,0.046,0.264,1.068,-108.8,,,,,,
116,0,0.046,0.265,1.055,-108.7,,,,,,
121,0,0.046,0.263,1.027,-108.6,,,,,,
126,0,0.046,0.264,1.024,-108.5,,,,,,
131,0,0.045,0.261,0.959,-108.4,,,,,,
136,0,0.044,0.269,0.911,-108.3,,,,,,
141,0,0.043,0.275,0.874,-108.3,,,,,,
146,0,0.042,0.28,0.836,-108.2,,,,,,
151,0,0.041,0.285,0.776,-108.1,,,,,,
156,0,0.04,0.294,0.739,-108,,,,,,
161,0,0.038,0.3,0.691,-107.9,,,,,,
166,0,0.037,0.308,0.654,-107.8,,,,,,
171,0,0.035,0.314,0.588,-107.8,,,,,,
176,0,0.033,0.325,0.529,-107.7,,,,,,
181,0,0.032,0.337,0.486,-107.6,,,,,,
186,0,0.031,0.346,0.466,-107.6,,,,,,
191,0,0.03,0.35,0.454,-107.5,,,,,,
196,0,0.028,0.353,0.392,-107.5,,,,,,
201,0,0.025,0.364,0.303,-107.4,,,,,,
206,0,0.024,0.382,0.282,-107.3,,,,,,
211,0,0.022,0.389,0.221,-107.3,,,,,,
216,0,0.02,0.402,0.166,-107.3,,,,,,
221,0,0.019,0.415,0.149,-107.2,,,,,,
226,0,0.015,0.422,0.058,-107.2,,,,,,
231,0,0.013,0.441,-0.003,-107.1,,,,,,
236,0,0.011,0.457,-0.043,-107.1,,,,,,
241,0,0.009,0.47,-0.072,-107.1,,,,,,
246,0,0.007,0.48,-0.123,-107.1,,,,,,
251,0,0.006,0.493,-0.119,-107.1,,,,,,
256,0,0.004,0.498,-0.171,-107.1,,,,,,
261,0,0.001,0.511,-0.22,-107,,,,,,
266,0,0,0.526,-0.223,-107,,,,,,
271,0,-0.002,0.532,-0.28,-107,,,,,,
276,0,-0.004,0.548,-0.296,-107.1,,,,,,
281,0,-0.005,0.557,-0.297,-107.1,,,,,,
286,0,-0.006,0.563,-0.298,-107.1,,,,,,
291,0,-0.008,0.568,-0.337,-107.1,,,,,,
296,0,-0.011,0.58,-0.39,-107.1,,,,,,
301,0,-0.012,0.597,-0.405,-107.1,,,,,,
306,0,-0.014,0.607,-0.441,-107.1,,,,,,
311,0,-0.016,0.62,-0.452,-107.2,,,,,,
316,0,-0.018,0.63,-0.473,-107.2,,,,,,
321,0,-0.019,0.64,-0.483,-107.2,,,,,,
326,0,-0.021,0.649,-0.516,-107.3,,,,,,
331,0,-0.022,0.662,-0.51,-107.3,,,,,,
336,0,-0.024,0.669,-0.515,-107.4,,,,,,
341,0,-0.025,0.677,-0.512,-107.4,,,,,,
346,0,-0.028,0.683,-0.571,-107.5,,,,,,
351,0,-0.03,0.701,-0.603,-107.5,,,,,,
356,0,-0.032,0.716,-0.621,-107.6,,,,,,
361,0,-0.033,0.729,-0.6,-107.6,,,,,,
366,0,-0.034,0.734,-0.597,-107.7,,,,,,
371,0,-0.033,0.74,-0.531,-107.8,,,,,,
376,0,-0.033,0.736,-0.49,-107.8,,,,,,
381,0,-0.033,0.733,-0.476,-107.9,,,,,,
386,0,-0.035,0.736,-0.519,-108,,,,,,
391,0,-0.036,0.75,-0.501,-108,,,,,,
396,0,-0.038,0.756,-0.524,-108.1,,,,,,
401,0,-0.038,0.767,-0.483,-108.2,,,,,,
406,0,-0.038,0.768,-0.451,-108.3,,,,,,
411,0,-0.039,0.768,-0.443,-108.3,,,,,,
416,0,-0.04,0.772,-0.436,-108.4,,,,,,
421,0,-0.041,0.778,-0.435,-108.5,,,,,,
426,0,-0.041,0.784,-0.425,-108.6,,,,,,
431,0,-0.065,0.79,-1.155,-108.7,,,,,,
436,0,-0.093,0.933,-2.493,-108.8,,,,,,
441,0,-0.087,1.099,-2.062,-109,,,,,,
446,0,-0.115,1.066,-2.966,-109.2,,,,,,
451,0,-0.142,1.232,-3.619,-109.4,,,,,,
456,0,-0.164,1.398,-4.057,-109.7,,,,,,
461,0,-0.184,1.534,-4.408,-110,,,,,,
466,0,-0.207,1.651,-4.911,-110.4,,,,,,
471,0,-0.226,1.795,-5.193,-110.8,,,,,,
476,0,-0.234,1.907,-5.173,-111.2,,,,,,
481,0,-0.235,1.958,-4.982,-111.7,,,,,,
486,0,-0.23,1.966,-4.666,-112.2,,,,,,
491,0,-0.222,1.942,-4.256,-112.6,,,,,,
496,0,-0.203,1.894,-3.539,-113.1,,,,,,
501,0,-0.18,1.781,-2.792,-113.5,,,,,,
506,0,-0.157,1.648,-2.061,-113.8,,,,,,
511,0,-0.136,1.509,-1.422,-114.2,,,,,,
516,0,-0.116,1.383,-0.841,-114.4,,,,,,
521,0,-0.095,1.266,-0.235,-114.7,,,,,,
526,0,-0.074,1.142,0.367,-114.8,,,,,,
531,0,-0.05,1.015,1.022,-115,,,,,,
536,0,-0.027,0.873,1.625,-115.1,,,,,,
541,0,-0.005,0.735,2.19,-115.1,,,,,,
546,0,0.018,0.601,2.752,-115.2,,,,,,
551,0,0.042,0.464,3.334,-115.1,,,,,,
556,0,0.066,0.321,3.9,-115,,,,,,
561,0,0.087,0.175,4.338,-114.9,,,,,,
566,0,0.11,0.049,4.852,-114.7,,,,,,
571,0,0.132,-0.09,5.317,-114.5,,,,,,
576,0,0.153,-0.225,5.734,-114.2,,,,,,
581,0,0.173,-0.354,6.091,-113.9,,,,,,
586,0,0.194,-0.473,6.478,-113.6,,,,,,
591,0,0.213,-0.598,6.819,-113.2,,,,,,
596,0,0.233,-0.718,7.141,-112.8,,,,,,
601,0,0.25,-0.836,7.381,-112.3,,,,,,
606,0,0.265,-0.941,7.582,-111.8,,,,,,
611,0,0.282,-1.038,7.804,-111.3,,,,,,
616,0,0.298,-1.138,8.016,-110.7,,,,,,
621,0,0.312,-1.239,8.158,-110.1,,,,,,
626,0,0.326,-1.329,8.265,-109.5,,,,,,
631,0,0.338,-1.411,8.346,-108.8,,,,,,
636,0,0.351,-1.488,8.444,-108.2,,,,,,
641,0,0.361,-1.569,8.458,-107.5,,,,,,
646,0,0.369,-1.635,8.394,-106.7,,,,,,
651,0,0.378,-1.684,8.394,-106,,,,,,
656,0,0.385,-1.742,8.336,-105.3,,,,,,
661,0,0.392,-1.792,8.259,-104.5,,,,,,
666,0,0.396,-1.836,8.1,-103.7,,,,,,
671,0,0.402,-1.864,8.029,-102.9,,,,,,
676,0,0.408,-1.905,7.932,-102.1,,,,,,
681,0,0.412,-1.944,7.787,-101.3,,,,,,
686,0,0.416,-1.972,7.644,-100.5,,,,,,
691,0,0.419,-1.999,7.496,-99.6,,,,,,
696,0,0.424,-2.025,7.382,-98.8,,,,,,
701,0,0.427,-2.055,7.232,-97.9,,,,,,
706,0,0.428,-2.08,7.004,-97.1,,,,,,
711,0,0.428,-2.088,6.775,-96.2,,,,,,
716,0,0.429,-2.092,6.603,-95.4,,,,,,
721,0,0.43,-2.106,6.396,-94.5,,,,,,
726,0,0.431,-2.113,6.223,-93.7,,,,,,
731,0,0.432,-2.125,6.036,-92.8,,,,,,
736,0,0.433,-2.135,5.849,-91.9,,,,,,
741,0,0.43,-2.143,5.574,-91.1,,,,,,
746,0,0.428,-2.134,5.313,-90.2,,,,,,
751,0,0.424,-2.123,5.033,-89.4,,,,,,
756,0,0.421,-2.106,4.77,-88.5,,,,,,
761,0,0.42,-2.091,4.572,-87.7,,,,,,
766,0,0.418,-2.086,4.362,-86.8,,,,,,
771,0,0.417,-2.081,4.169,-86,,,,,,
776,0,0.415,-2.077,3.957,-85.2,,,,,,
781,0,0.414,-2.07,3.782,-84.3,,,,,,
786,0,0.409,-2.067,3.506,-83.5,,,,,,
791,0,0.404,-2.046,3.207,-82.7,,,,,,
796,0,0.399,-2.015,2.971,-81.9,,,,,,
801,0,0.395,-1.993,2.728,-81.1,,,,,,
806,0,0.39,-1.971,2.489,-80.3,,,,,,
811,0,0.385,-1.947,2.245,-79.5,,,,,,
816,0,0.381,-1.921,2.025,-78.7,,,,,,
821,0,0.377,-1.899,1.838,-78,,,,,,
826,0,0.372,-1.881,1.589,-77.2,,,,,,
831,0,0.367,-1.852,1.36,-76.5,,,,,,
836,0,0.36,-1.823,1.109,-75.7,,,,,,
841,0,0.354,-1.79,0.875,-75,,,,,,
846,0,0.348,-1.757,0.638,-74.3,,,,,,
851,0,0.342,-1.722,0.431,-73.6,,,,,,
856,0,0.34,-1.691,0.345,-72.9,,,,,,
861,0,0.336,-1.683,0.171,-72.2,,,,,,
866,0,0.328,-1.661,-0.1,-71.6,,,,,,
871,0,0.321,-1.619,-0.323,-70.9,,,,,,
876,0,0.315,-1.579,-0.524,-70.3,,,,,,
881,0,0.308,-1.544,-0.735,-69.6,,,,,,
886,0,0.301,-1.506,-0.958,-69,,,,,,
891,0,0.295,-1.464,-1.114,-68.4,,,,,,
896,0,0.291,-1.432,-1.215,-67.8,,,,,,
901,0,0.288,-1.412,-1.292,-67.3,,,,,,
906,0,0.285,-1.398,-1.391,-66.7,,,,,,
911,0,0.276,-1.38,-1.651,-66.1,,,,,,
916,0,0.268,-1.332,-1.859,-65.6,,,,,,
921,0,0.26,-1.285,-2.061,-65,,,,,,
926,0,0.253,-1.239,-2.217,-64.5,,,,,,
931,0,0.249,-1.201,-2.279,-64,,,,,,
936,0,0.246,-1.18,-2.342,-63.5,,,,,,
941,0,0.243,-1.162,-2.371,-63,,,,,,
946,0,0.238,-1.15,-2.492,-62.5,,,,,,
951,0,0.233,-1.123,-2.594,-62,,,,,,
956,0,0.226,-1.095,-2.764,-61.6,,,,,,
961,0,0.22,-1.054,-2.867,-61.1,,,,,,
966,0,0.215,-1.022,-2.974,-60.7,,,,,,
971,0,0.212,-0.99,-2.986,-60.3,,,,,,
976,0,0.21,-0.975,-2.991,-59.8,,,,,,
981,0,0.209,-0.964,-2.97,-59.4,,,,,,
986,0,0.205,-0.959,-3.034,-59,,,,,,
991,0,0.2,-0.939,-3.109,-58.6,,,,,,
996,0,0.195,-0.914,-3.209,-58.2,,,,,,
1001,0,0.187,-0.883,-3.363,-57.8,,,,,,
1006,0,0.178,-0.84,-3.551,-57.4,,,,,,
1011,0,0.171,-0.788,-3.687,-57.1,,,,,,
1016,0,0.165,-0.742,-3.737,-56.7,,,,,,
1021,0,0.162,-0.713,-3.751,-56.4,,,,,,
1026,0,0.159,-0.693,-3.763,-56.1,,,,,,
1031,0,0.154,-0.675,-3.826,-55.7,,,,,,
1036,0,0.149,-0.647,-3.88,-55.4,,,,,,
1041,0,0.143,-0.619,-3.953,-55.1,,,,,,
1046,0,0.14,-0.587,-3.959,-54.9,,,,,,
1051,0,0.135,-0.567,-4.001,-54.6,,,,,,
1056,0,0.13,-0.541,-4.039,-54.3,,,,,,
1061,0,0.127,-0.515,-4.033,-54,,,,,,
1066,0,0.124,-0.497,-4.047,-53.8,,,,,,
1071,0,0.119,-0.476,-4.087,-53.5,,,,,,
1076,0,0.114,-0.45,-4.137,-53.3,,,,,,
1082,0,0.109,-0.421,-4.179,-53.1,,,,,,
1087,0,0.103,-0.392,-4.226,-52.9,,,,,,
1092,0,0.098,-0.358,-4.266,-52.7,,,,,,
1097,0,0.093,-0.328,-4.288,-52.5,,,,,,
1102,0,0.091,-0.302,-4.25,-52.3,,,,,,
1107,0,0.088,-0.287,-4.221,-52.1,,,,,,
1112,0,0.085,-0.273,-4.203,-51.9,,,,,,
1117,0,0.082,-0.257,-4.21,-51.7,,,,,,
1122,0,0.079,-0.235,-4.173,-51.6,,,,,,
1127,0,0.077,-0.221,-4.152,-51.4,,,,,,
1132,0,0.073,-0.206,-4.167,-51.3,,,,,,
1137,0,0.068,-0.183,-4.182,-51.1,,,,,,
1142,0,0.065,-0.158,-4.178,-51,,,,,,
1147,0,0.062,-0.137,-4.152,-50.9,,,,,,
1152,0,0.061,-0.121,-4.068,-50.7,,,,,,
1157,0,0.061,-0.116,-3.971,-50.6,,,,,,
1162,0,0.061,-0.116,-3.865,-50.5,,,,,,
1167,0,0.061,-0.118,-3.799,-50.4,,,,,,
1172,0,0.059,-0.115,-3.757,-50.2,,,,,,
1177,0,0.056,-0.106,-3.759,-50.1,,,,,,
1182,0,0.053,-0.088,-3.747,-50,,,,,,
1187,0,0.05,-0.071,-3.746,-49.9,,,,,,
1192,0,0.048,-0.052,-3.707,-49.8,,,,,,
1197,0,0.046,-0.04,-3.666,-49.7,,,,,,
1202,0,0.045,-0.029,-3.588,-49.6,,,,,,
1207,0,0.044,-0.025,-3.54,-49.5,,,,,,
1212,0,0.041,-0.018,-3.523,-49.4,,,,,,
1217,0,0.039,-0.004,-3.488,-49.4,,,,,,
1222,0,0.037,0.007,-3.482,-49.3,,,,,,
1227,0,0.035,0.024,-3.439,-49.2,,,,,,
1232,0,0.034,0.034,-3.38,-49.1,,,,,,
1237,0,0.032,0.04,-3.337,-49.1,,,,,,
1242,0,0.032,0.049,-3.253,-49,,,,,,
1247,0,0.03,0.05,-3.242,-48.9,,,,,,
1252,0,0.029,0.062,-3.193,-48.9,,,,,,
1257,0,0.026,0.07,-3.186,-48.8,,,,,,
1262,0,0.024,0.085,-3.171,-48.8,,,,,,
1267,0,0.022,0.099,-3.132,-48.7,,,,,,
1272,0,0.02,0.109,-3.096,-48.7,,,,,,
1277,0,0.017,0.119,-3.107,-48.6,,,,,,
1282,0,0.016,0.137,-3.055,-48.6,,,,,,
1287,0,0.014,0.145,-3.028,-48.6,,,,,,
1292,0,0.012,0.156,-3.001,-48.6,,,,,,
1297,0,0.009,0.167,-3.013,-48.5,,,,,,
1302,0,0.005,0.185,-3.037,-48.5,,,,,,
1307,0,0.002,0.208,-3.044,-48.5,,,,,,
1312,0,0,0.228,-3.016,-48.5,,,,,,
1317,0,-0.003,0.241,-3.005,-48.5,,,,,,
1322,0,-0.005,0.256,-2.987,-48.5,,,,,,
1327,0,-0.008,0.27,-2.976,-48.5,,,,,,
1332,0,-0.011,0.285,-2.988,-48.5,,,,,,
1337,0,-0.013,0.305,-2.961,-48.5,,,,,,
1342,0,-0.015,0.319,-2.923,-48.6,,,,,,
1347,0,-0.017,0.329,-2.911,-48.6,,,,,,
1352,0,-0.02,0.344,-2.914,-48.6,,,,,,
1357,0,-0.022,0.362,-2.889,-48.7,,,,,,
1362,0,-0.024,0.376,-2.861,-48.7,,,,,,
1367,0,-0.026,0.388,-2.829,-48.8,,,,,,
1372,0,-0.028,0.399,-2.793,-48.8,,,,,,
1377,0,-0.03,0.409,-2.765,-48.9,,,,,,
1382,0,-0.032,0.421,-2.751,-48.9,,,,,,
1387,0,-0.034,0.435,-2.733,-49,,,,,,
1392,0,-0.038,0.449,-2.746,-49.1,,,,,,
1397,0,-0.039,0.469,-2.698,-49.1,,,,,,
1402,0,-0.041,0.478,-2.686,-49.2,,,,,,
1407,0,-0.043,0.493,-2.635,-49.3,,,,,,
1412,0,-0.044,0.5,-2.608,-49.4,,,,,,
1417,0,-0.046,0.511,-2.565,-49.5,,,,,,
1422,0,-0.047,0.52,-2.533,-49.6,,,,,,
1427,0,-0.049,0.53,-2.499,-49.7,,,,,,
1432,0,-0.051,0.54,-2.482,-49.8,,,,,,
1437,0,-0.053,0.553,-2.457,-49.9,,,,,,
1442,0,-0.055,0.565,-2.427,-50,,,,,,
1447,0,-0.057,0.575,-2.411,-50.1,,,,,,
1452,0,-0.059,0.589,-2.4,-50.2,,,,,,
1457,0,-0.061,0.603,-2.36,-50.3,,,,,,
1462,0,-0.062,0.613,-2.332,-50.4,,,,,,
1467,0,-0.064,0.623,-2.321,-50.6,,,,,,
1472,0,-0.066,0.637,-2.303,-50.7,,,,,,
1477,0,-0.069,0.65,-2.293,-50.8,,,,,,
1482,0,-0.071,0.665,-2.277,-51,,,,,,
1487,0,-0.073,0.678,-2.244,-51.1,,,,,,
1492,0,-0.074,0.689,-2.225,-51.2,,,,,,
1497,0,-0.076,0.701,-2.193,-51.4,,,,,,
1502,0,-0.077,0.711,-2.155,-51.5,,,,,,
1507,0,-0.079,0.72,-2.118,-51.7,,,,,,
1512,0,-0.08,0.729,-2.079,-51.9,,,,,,
1517,0,-0.081,0.737,-2.032,-52,,,,,,
1522,0,-0.081,0.743,-1.977,-52.2,,,,,,
1527,0,-0.083,0.747,-1.95,-52.3,,,,,,
1532,0,-0.083,0.756,-1.89,-52.5,,,,,,
1537,0,-0.083,0.76,-1.827,-52.7,,,,,,
1542,0,-0.085,0.761,-1.807,-52.8,,,,,,
1547,0,-0.085,0.77,-1.739,-53,,,,,,
1552,0,-0.086,0.772,-1.7,-53.2,,,,,,
1557,0,-0.086,0.777,-1.648,-53.4,,,,,,
1562,0,-0.087,0.781,-1.61,-53.5,,,,,,
1567,0,-0.087,0.786,-1.553,-53.7,,,,,,
1572,0,-0.088,0.788,-1.541,-53.9,,,,,,
1577,0,-0.088,0.798,-1.464,-54,,,,,,
1582,0,-0.089,0.796,-1.436,-54.2,,,,,,
1587,0,-0.09,0.802,-1.407,-54.4,,,,,,
1592,0,-0.09,0.809,-1.347,-54.6,,,,,,
1597,0,-0.089,0.81,-1.274,-54.8,,,,,,
1602,0,-0.09,0.807,-1.259,-54.9,,,,,,
1607,0,-0.092,0.814,-1.265,-55.1,,,,,,
1612,0,-0.094,0.827,-1.27,-55.3,,,,,,
1617,0,-0.096,0.84,-1.257,-55.5,,,,,,
1622,0,-0.097,0.851,-1.233,-55.7,,,,,,
1627,0,-0.097,0.859,-1.167,-55.9,,,,,,
1632,0,-0.096,0.858,-1.089,-56.1,,,,,,
1637,0,-0.096,0.854,-1.046,-56.3,,,,,,
1642,0,-0.094,0.855,-0.945,-56.5,,,,,,
1647,0,-0.093,0.846,-0.886,-56.6,,,,,,
1652,0,-0.093,0.842,-0.817,-56.8,,,,,,
1657,0,-0.093,0.837,-0.785,-57,,,,,,
1662,0,-0.091,0.839,-0.704,-57.2,,,,,,
1667,0,-0.089,0.833,-0.595,-57.4,,,,,,
1672,0,-0.087,0.819,-0.519,-57.6,,,,,,
1677,0,-0.085,0.81,-0.435,-57.7,,,,,,
1682,0,-0.084,0.799,-0.365,-57.9,,,,,,
1687,0,-0.082,0.791,-0.286,-58.1,,,,,,
1692,0,-0.079,0.78,-0.178,-58.2,,,,,,
1697,0,-0.076,0.764,-0.083,-58.4,,,,,,
1702,0,-0.073,0.748,0.016,-58.6,,,,,,
1707,0,-0.071,0.732,0.108,-58.7,,,,,,
1712,0,-0.07,0.715,0.141,-58.8,,,,,,
1717,0,-0.068,0.71,0.196,-59,,,,,,
1722,0,-0.066,0.702,0.283,-59.1,,,,,,
1727,0,-0.065,0.687,0.303,-59.2,,,,,,
1732,0,-0.064,0.683,0.333,-59.4,,,,,,
1737,0,-0.062,0.679,0.417,-59.5,,,,,,
1742,0,-0.06,0.665,0.46,-59.6,,,,,,
1747,0,-0.057,0.656,0.568,-59.7,,,,,,
1752,0,-0.054,0.636,0.618,-59.9,,,,,,
1757,0,-0.051,0.624,0.713,-60,,,,,,
1762,0,-0.048,0.605,0.778,-60.1,,,,,,
1767,0,-0.045,0.589,0.867,-60.2,,,,,,
1772,0,-0.043,0.569,0.912,-60.3,,,,,,
1777,0,-0.042,0.556,0.935,-60.3,,,,,,
1782,0,-0.039,0.548,0.986,-60.4,,,,,,
1787,0,-0.039,0.536,0.972,-60.5,,,,,,
1792,0,-0.038,0.535,1.001,-60.6,,,,,,
1797,0,-0.035,0.528,1.069,-60.7,,,,,,
1802,0,-0.032,0.512,1.151,-60.7,,,,,,
1807,0,-0.029,0.492,1.214,-60.8,,,,,,
1812,0,-0.027,0.474,1.243,-60.9,,,,,,
1817,0,-0.025,0.462,1.267,-60.9,,,,,,
1822,0,-0.023,0.452,1.298,-61,,,,,,
1827,0,-0.021,0.441,1.336,-61,,,,,,
1832,0,-0.018,0.428,1.392,-61,,,,,,
1837,0,-0.016,0.412,1.436,-61.1,,,,,,
1842,0,-0.013,0.396,1.471,-61.1,,,,,,
1847,0,-0.011,0.382,1.511,-61.1,,,,,,
1852,0,-0.008,0.367,1.544,-61.2,,,,,,
1857,0,-0.006,0.354,1.566,-61.2,,,,,,
1862,0,-0.005,0.342,1.567,-61.2,,,,,,
1867,0,-0.003,0.334,1.597,-61.2,,,,,,
1872,0,-0.001,0.321,1.609,-61.2,,,,,,
1877,0,0.001,0.311,1.649,-61.2,,,,,,
1883,0,0.003,0.296,1.668,-61.2,,,,,,
1888,0,0.006,0.283,1.709,-61.2,,,,,,
1893,0,0.009,0.266,1.745,-61.2,,,,,,
1898,0,0.011,0.249,1.758,-61.2,,,,,,
1903,0,0.013,0.237,1.763,-61.1,,,,,,
1908,0,0.014,0.227,1.764,-61.1,,,,,,
1913,0,0.014,0.218,1.708,-61.1,,,,,,
1918,0,0.015,0.219,1.71,-61.1,,,,,,
1923,0,0.017,0.212,1.734,-61,,,,,,
1928,0,0.019,0.2,1.756,-61,,,,,,
1933,0,0.022,0.186,1.777,-61,,,,,,
1938,0,0.023,0.173,1.781,-60.9,,,,,,
1943,0,0.026,0.162,1.804,-60.9,,,,,,
1948,0,0.028,0.148,1.835,-60.8,,,,,,
1953,0,0.03,0.132,1.852,-60.8,,,,,,
1958,0,0.032,0.118,1.842,-60.7,,,,,,
1963,0,0.034,0.109,1.873,-60.6,,,,,,
1968,0,0.037,0.094,1.905,-60.6,,,,,,
1973,0,0.04,0.076,1.92,-60.5,,,,,,
1978,0,0.042,0.062,1.952,-60.4,,,,,,
1983,0,0.043,0.044,1.905,-60.3,,,,,,
1988,0,0.044,0.041,1.897,-60.2,,,,,,
1993,0,0.045,0.033,1.87,-60.2,,,,,,
1998,0,0.046,0.028,1.854,-60.1,,,,,,
2003,0,0.047,0.021,1.838,-60,,,,,,
2008,0,0.048,0.014,1.798,-59.9,,,,,,
2013,0,0.049,0.011,1.793,-59.8,,,,,,
2018,0,0.05,0.003,1.769,-59.7,,,,,,
2023,0,0.051,-0.002,1.752,-59.6,,,,,,
2028,0,0.051,-0.009,1.73,-59.5,,,,,,
2033,0,0.051,-0.014,1.674,-59.4,,,,,,
2038,0,0.052,-0.013,1.657,-59.3,,,,,,
2043,0,0.052,-0.018,1.625,-59.2,,,,,,
2048,0,0.053,-0.021,1.608,-59.1,,,,,,
2053,0,0.054,-0.027,1.578,-59,,,,,,
2058,0,0.054,-0.03,1.551,-58.9,,,,,,
2063,0,0.055,-0.033,1.543,-58.8,,,,,,
2068,0,0.056,-0.04,1.518,-58.6,,,,,,
2073,0,0.055,-0.044,1.456,-58.5,,,,,,
2078,0,0.054,-0.041,1.4,-58.4,,,,,,
2083,0,0.053,-0.038,1.317,-58.3,,,,,,
2088,0,0.052,-0.028,1.269,-58.2,,,,,,
2093,0,0.052,-0.025,1.229,-58.1,,,,,,
2098,0,0.052,-0.023,1.198,-58,,,,,,
2103,0,0.053,-0.023,1.213,-57.9,,,,,,
2108,0,0.053,-0.032,1.182,-57.8,,,,,,
2113,0,0.054,-0.034,1.168,-57.7,,,,,,
2118,0,0.053,-0.037,1.111,-57.6,,,,,,
2123,0,0.052,-0.033,1.061,-57.5,,,,,,
2128,0,0.051,-0.029,0.996,-57.4,,,,,,
2133,0,0.051,-0.022,0.972,-57.3,,,,,,
2138,0,0.051,-0.021,0.97,-57.2,,,,,,
2143,0,0.052,-0.026,0.975,-57.1,,,,,,
2148,0,0.052,-0.032,0.944,-57,,,,,,
2153,0,0.052,-0.033,0.915,-56.8,,,,,,
2158,0,0.051,-0.032,0.855,-56.7,,,,,,
2163,0,0.05,-0.026,0.803,-56.6,,,,,,
2168,0,0.049,-0.02,0.759,-56.5,,,,,,
2173,0,0.048,-0.015,0.718,-56.4,,,,,,
2178,0,0.047,-0.01,0.676,-56.3,,,,,,
2183,0,0.047,-0.005,0.652,-56.3,,,,,,
2188,0,0.046,-0.003,0.596,-56.2,,,,,,
2193,0,0.044,0.004,0.534,-56.1,,,,,,
2198,0,0.043,0.014,0.488,-56,,,,,,
2203,0,0.041,0.021,0.433,-55.9,,,,,,
2208,0,0.04,0.03,0.397,-55.8,,,,,,
2213,0,0.038,0.037,0.341,-55.7,,,,,,
2218,0,0.036,0.046,0.271,-55.7,,,,,,
2223,0,0.033,0.059,0.181,-55.6,,,,,,
2228,0,0.031,0.077,0.123,-55.5,,,,,,
2233,0,0.029,0.09,0.092,-55.5,,,,,,
2238,0,0.03,0.098,0.122,-55.4,,,,,,
2243,0,0.03,0.093,0.105,-55.3,,,,,,
2248,0,0.028,0.095,0.038,-55.3,,,,,,
2253,0,0.026,0.108,-0.016,-55.2,,,,,,
2258,0,0.023,0.12,-0.079,-55.2,,,,,,
2263,0,0.021,0.135,-0.136,-55.1,,,,,,
2268,0,0.019,0.148,-0.17,-55.1,,,,,,
2273,0,0.018,0.158,-0.193,-55,,,,,,
2278,0,0.016,0.166,-0.228,-55,,,,,,
2283,0,0.015,0.175,-0.25,-55,,,,,,
2288,0,0.014,0.183,-0.273,-54.9,,,,,,
2293,0,0.013,0.19,-0.28,-54.9,,,,,,
2298,0,0.012,0.195,-0.286,-54.9,,,,,,
2303,0,0.01,0.199,-0.33,-54.9,,,,,,
2308,0,0.01,0.21,-0.332,-54.9,,,,,,
2313,0,0.007,0.214,-0.396,-54.8,,,,,,
2318,0,0.005,0.23,-0.437,-54.8,,,,,,
2323,0,0.004,0.243,-0.422,-54.8,,,,,,
2328,0,0.002,0.245,-0.466,-54.8,,,,,,
2333,0,0,0.257,-0.504,-54.8,,,,,,
2338,0,-0.001,0.269,-0.506,-54.8,,,,,,
2343,0,-0.002,0.276,-0.52,-54.8,,,,,,
2348,0,-0.004,0.283,-0.57,-54.8,,,,,,
2353,0,-0.006,0.297,-0.578,-54.8,,,,,,
2358,0,-0.006,0.305,-0.558,-54.8,,,,,,
2363,0,-0.007,0.307,-0.575,-54.8,,,,,,
2368,0,-0.007,0.314,-0.556,-54.8,,,,,,
2373,0,-0.008,0.316,-0.546,-54.9,,,,,,
2378,0,-0.009,0.319,-0.568,-54.9,,,,,,
2383,0,-0.01,0.327,-0.562,-54.9,,,,,,
2388,0,-0.012,0.332,-0.592,-54.9,,,,,,
2393,0,-0.013,0.343,-0.614,-54.9,,,,,,
2398,0,-0.016,0.353,-0.649,-55,,,,,,
2403,0,-0.016,0.366,-0.638,-55,,,,,,
2408,0,-0.016,0.371,-0.611,-55,,,,,,
2413,0,-0.017,0.372,-0.616,-55.1,,,,,,
2418,0,-0.018,0.377,-0.603,-55.1,,,,,,
2423,0,-0.02,0.38,-0.648,-55.1,,,,,,
2428,0,-0.022,0.394,-0.666,-55.2,,,,,,
2433,0,-0.023,0.405,-0.665,-55.2,,,,,,
2438,0,-0.025,0.412,-0.687,-55.3,,,,,,
2443,0,-0.025,0.422,-0.666,-55.3,,,,,,
2448,0,-0.026,0.425,-0.667,-55.4,,,,,,
2453,0,-0.025,0.431,-0.605,-55.4,,,,,,
2458,0,-0.025,0.426,-0.59,-55.5,,,,,,
2463,0,-0.027,0.427,-0.605,-55.5,,,,,,
2468,0,-0.028,0.435,-0.602,-55.6,,,,,,
2473,0,-0.029,0.441,-0.615,-55.6,,,,,,
2478,0,-0.029,0.449,-0.592,-55.7,,,,,,
2483,0,-0.03,0.452,-0.6,-55.7,,,,,,
2488,0,-0.031,0.459,-0.59,-55.8,,,,,,
2493,0,-0.031,0.463,-0.559,-55.9,,,,,,
2498,0,-0.031,0.463,-0.516,-55.9,,,,,,
2503,0,-0.03,0.46,-0.494,-56,,,,,,
2508,0,-0.031,0.46,-0.485,-56,,,,,,
2513,0,-0.031,0.463,-0.445,-56.1,,,,,,
2518,0,-0.032,0.461,-0.462,-56.2,,,,,,
2523,0,-0.031,0.468,-0.42,-56.2,,,,,,
2528,0,-0.031,0.466,-0.398,-56.3,,,,,,
2533,0,-0.03,0.466,-0.326,-56.4,,,,,,
2538,0,-0.029,0.457,-0.283,-56.4,,,,,,
2543,0,-0.029,0.451,-0.272,-56.5,,,,,,
2548,0,-0.029,0.452,-0.27,-56.5,,,,,,
2553,0,-0.029,0.455,-0.254,-56.6,,,,,,
2558,0,-0.029,0.456,-0.23,-56.7,,,,,,
2563,0,-0.029,0.455,-0.198,-56.7,,,,,,
2568,0,-0.028,0.453,-0.156,-56.8,,,,,,
2573,0,-0.027,0.448,-0.135,-56.8,,,,,,
2578,0,-0.026,0.446,-0.069,-56.9,,,,,,
2584,0,-0.026,0.436,-0.062,-56.9,,,,,,
2589,0,-0.025,0.436,-0.028,-57,,,,,,
2594,0,-0.024,0.432,0.003,-57,,,,,,
2599,0,-0.023,0.428,0.033,-57.1,,,,,,
2604,0,-0.023,0.424,0.056,-57.1,,,,,,
2609,0,-0.021,0.421,0.125,-57.2,,,,,,
2614,0,-0.018,0.409,0.219,-57.2,,,,,,
2619,0,-0.016,0.391,0.257,-57.2,,,,,,
2624,0,-0.015,0.382,0.279,-57.3,,,,,,
2629,0,-0.014,0.376,0.312,-57.3,,,,,,
2634,0,-0.014,0.37,0.333,-57.3,,,,,,
2639,0,-0.013,0.365,0.34,-57.4,,,,,,
2644,0,-0.012,0.363,0.376,-57.4,,,,,,
2649,0,-0.011,0.357,0.415,-57.4,,,,,,
2654,0,-0.009,0.348,0.449,-57.4,,,,,,
2659,0,-0.008,0.34,0.471,-57.5,,,,,,
2664,0,-0.008,0.334,0.481,-57.5,,,,,,
2669,0,-0.006,0.331,0.521,-57.5,,,,,,
2674,0,-0.004,0.322,0.569,-57.5,,,,,,
2679,0,-0.001,0.311,0.666,-57.5,,,,,,
2684,0,0.003,0.289,0.741,-57.5,,,,,,
2689,0,0.004,0.27,0.751,-57.5,,,,,,
2694,0,0.005,0.262,0.767,-57.5,,,,,,
2699,0,0.005,0.256,0.761,-57.5,,,,,,
2704,0,0.007,0.253,0.793,-57.5,,,,,,
2709,0,0.008,0.244,0.797,-57.5,,,,,,
2714,0,0.009,0.24,0.822,-57.4,,,,,,
2719,0,0.011,0.231,0.872,-57.4,,,,,,
2724,0,0.013,0.218,0.9,-57.4,,,,,,
2729,0,0.014,0.207,0.908,-57.4,,,,,,
2734,0,0.015,0.2,0.93,-57.4,,,,,,
2739,0,0.017,0.192,0.967,-57.3,,,,,,
2744,0,0.02,0.18,1.034,-57.3,,,,,,
2749,0,0.023,0.161,1.064,-57.2,,,,,,
2754,0,0.025,0.148,1.114,-57.2,,,,,,
2759,0,0.027,0.132,1.127,-57.2,,,,,,
2764,0,0.026,0.122,1.08,-57.1,,,,,,
2769,0,0.028,0.124,1.117,-57,,,,,,
2774,0,0.03,0.113,1.124,-57,,,,,,
2779,0,0.031,0.105,1.134,-56.9,,,,,,
2784,0,0.032,0.097,1.153,-56.9,,,,,,
2789,0,0.034,0.087,1.154,-56.8,,,,,,
2794,0,0.035,0.08,1.167,-56.7,,,,,,
2799,0,0.037,0.071,1.19,-56.7,,,,,,
2804,0,0.037,0.059,1.162,-56.6,,,,,,
2809,0,0.037,0.057,1.138,-56.5,,,,,,
2814,0,0.039,0.056,1.156,-56.4,,,,,,
2819,0,0.04,0.047,1.164,-56.4,,,,,,
2824,0,0.04,0.038,1.138,-56.3,,,,,,
2829,0,0.04,0.036,1.103,-56.2,,,,,,
2834,0,0.04,0.037,1.069,-56.1,,,,,,
2839,0,0.04,0.038,1.043,-56,,,,,,
2844,0,0.04,0.038,1.021,-56,,,,,,
2849,0,0.041,0.037,1.024,-55.9,,,,,,
2854,0,0.042,0.032,1.027,-55.8,,,,,,
2859,0,0.042,0.025,1.003,-55.7,,,,,,
2864,0,0.043,0.024,1.005,-55.6,,,,,,
2869,0,0.044,0.018,1.004,-55.6,,,,,,
2874,0,0.044,0.012,0.989,-55.5,,,,,,
2879,0,0.045,0.009,1.004,-55.4,,,,,,
2884,0,0.046,0.001,1.002,-55.3,,,,,,
2889,0,0.047,-0.005,0.986,-55.2,,,,,,
2895,0,0.047,-0.008,0.963,-55.1,,,,,,
2900,0,0.047,-0.01,0.935,-55,,,,,,
2905,0,0.047,-0.01,0.894,-54.9,,,,,,
2910,0,0.046,-0.008,0.843,-54.8,,,,,,
2915,0,0.044,-0.002,0.792,-54.7,,,,,,
2920,0,0.045,0.004,0.81,-54.6,,,,,,
2925,0,0.046,-0.002,0.808,-54.5,,,,,,
2930,0,0.046,-0.007,0.78,-54.5,,,,,,
2935,0,0.046,-0.007,0.77,-54.4,,,,,,
2940,0,0.046,-0.009,0.743,-54.3,,,,,,
2945,0,0.045,-0.009,0.7,-54.2,,,,,,
2950,0,0.045,-0.004,0.677,-54.1,,,,,,
2956,0,0.044,-0.003,0.631,-54,,,,,,
